username, created_at, lng, lat, text
crumbbss_, Fri Apr 24 03:08:32 +0000 2020, -95.446486, 29.838495, ü•∫ü•∫ü•∫ 
Parishatesyouu, Fri Apr 24 03:08:32 +0000 2020, -73.948775, 40.655138, @dopeitsdest Considering it, Are you from San Antonio? 
JesseVasq_87, Fri Apr 24 03:08:32 +0000 2020, -96.879957, 32.924548, @savanamarieee Okay https://t.co/fEaYK9N30L 
anagsoto_, Fri Apr 24 03:08:33 +0000 2020, -73.968542, 40.780709, high off my ass and watching my own private idaho also i‚Äôm eating froot loops i love to live it 
WayneBelcher1, Fri Apr 24 03:08:33 +0000 2020, -115.038337, 36.006256, My health insurance will not cover a flashlight enema. 
EastSide_Shine, Fri Apr 24 03:08:33 +0000 2020, -90.011008, 29.982601, Like why is he replacing warfford 
kevinkccannon, Fri Apr 24 03:08:33 +0000 2020, -88.081903, 30.733109, 2020 Seniors...ITS YOUR TURN!! you still got time to get your senior portraits taken with us!  Don‚Äôt worry... your‚Ä¶ https://t.co/AiPUjX1Kq0 
__TheCoolest, Fri Apr 24 03:08:33 +0000 2020, -81.536358, 41.495131, @Bitchy__Type Do you think i could use that to get some 
_evelyn0620, Fri Apr 24 03:08:33 +0000 2020, -98.540651, 29.417501, I‚Äôm soooo bored 
RyaninCleveland, Fri Apr 24 03:08:33 +0000 2020, -80.926628, 33.631140, @WrxChad Based &amp; BlessedüôèüèΩ 
Tereee__, Fri Apr 24 03:08:33 +0000 2020, -100.076888, 31.168893, @kfarnsworth444 @BrockWilson01 Pain is just weakness leaving your body üòéüòùü•µüò§üëèüèΩüëäüèΩ 
hpeterson523, Fri Apr 24 03:08:33 +0000 2020, -84.645968, 42.646039, Amazing, moving song @aliciakeys. Thank you! I agree with @drsanjaygupta  that we all needed your moment of zen ton‚Ä¶ https://t.co/Wlpuz2mO86 
revsusanrussell, Fri Apr 24 03:08:33 +0000 2020, -118.136193, 34.193809, @garyhall49 https://t.co/deq1ATtsIw 
Pilotgirl30, Fri Apr 24 03:08:33 +0000 2020, -95.692541, 29.559427, THIS 
clarkejeffrey, Fri Apr 24 03:08:33 +0000 2020, -77.101999, 38.880845, @joelpollak @BreitbartNews Even under the best case scenario....He didn't mean what he actually said. Its still not‚Ä¶ https://t.co/vJSw8KjhXP 
dom_erella, Fri Apr 24 03:08:33 +0000 2020, -77.230881, 38.916761, This is when Congress should step in ... this should be over by now. 
CoryDiaz_TNS, Fri Apr 24 03:08:33 +0000 2020, -92.076701, 32.521243, #Saints should take Xavier McKinney from ALABAMA. üòâüòâ 
jackieu3, Fri Apr 24 03:08:33 +0000 2020, -80.228552, 25.858557, @veegaa_ @chriscoipel1706 @chriscoipel_23 https://t.co/N7nguRyOZ1 
MsLSpatz, Fri Apr 24 03:08:33 +0000 2020, -75.925021, 40.334119, @realtimrozon @Jemga @AdriyanRae @AlexPiaraMcG @SYFY Cute https://t.co/ym74Xu7RZ0 
_texas_savage_, Fri Apr 24 03:08:33 +0000 2020, -100.076888, 31.168893, My little property in Mexico gives me so much motivation. Like I‚Äôm working hard towards something that‚Äôs mine. I‚Äôm‚Ä¶ https://t.co/cI5vttbBU5 
StewardessChick, Fri Apr 24 03:08:33 +0000 2020, -118.348556, 33.995576, Lmfao 
LaneMeyer_4, Fri Apr 24 03:08:33 +0000 2020, -82.772830, 27.904263, I‚Äôm hoping Edwards-Helaire is still there in Round 2 or maybe one of the better safeties 
IzraelJesus, Fri Apr 24 03:08:33 +0000 2020, -123.279343, 44.569246, https://t.co/bWRZUSLIcX 
Mike_Scorpio, Fri Apr 24 03:08:33 +0000 2020, -105.064586, 39.581987, @WalshFreedom George Carlin would have a field day with @realDonaldTrump! 
Dblade919, Fri Apr 24 03:08:33 +0000 2020, -76.868493, 39.135849, thank god! this game fell off years ago..save the money for nba2k21 
roguerobinson, Fri Apr 24 03:08:33 +0000 2020, -79.913521, 43.260695, @mgreer423 The best part. Unfortunately after the release of the movie the increase of morons wanting protection do‚Ä¶ https://t.co/APayfIWm9G 
my_thousand, Fri Apr 24 03:08:33 +0000 2020, -111.880874, 33.282450, @cjohansen_MT I really love nature. Bark burn, here we come. https://t.co/9KwTOPXEIH 
Caunger11, Fri Apr 24 03:08:33 +0000 2020, -96.991828, 33.042437, Go Blue! First Michigan player drafted off the board! #GoBlue #NFLDraft2020 
Aleyc1a, Fri Apr 24 03:08:33 +0000 2020, -84.055018, 34.093436, Skin routine üå±‚ú®&gt;&gt;&gt; makeup routine https://t.co/mcqJ9r8jpv 
BlackQueenPhe, Fri Apr 24 03:08:34 +0000 2020, -90.158017, 32.230987, After I give your baby 3 fries .. gon getcha baby luv üòò 
ShaunHudgins, Fri Apr 24 03:08:34 +0000 2020, -122.228685, 37.791994, üò• 
BigHomieKODAQ, Fri Apr 24 03:08:34 +0000 2020, -83.173867, 32.678207, WRONG SHIT. 
fyzio4u, Fri Apr 24 03:08:34 +0000 2020, -76.848864, 38.926550, @The_MikeBagwell No I‚Äôve been doing homehealth but in between boards and 1st job worked at Hone Depot selling appli‚Ä¶ https://t.co/NWF2jP6Z1D 
Alejand84187980, Fri Apr 24 03:08:34 +0000 2020, -104.114191, 39.677001, Hermoso paisaje en Colorado https://t.co/5AKexF6tHh 
KillaKam1947, Fri Apr 24 03:08:34 +0000 2020, -118.411907, 34.020789, @shayla_mac Nah I‚Äôve know about that for years...I just know crazy when I see if 
JonathanCoffin, Fri Apr 24 03:08:34 +0000 2020, -86.142922, 39.779562, @Articulate_indy Thank you!! 
SheLovesKid_Z, Fri Apr 24 03:08:34 +0000 2020, -76.069946, 36.802541, Philly really passed up on Justin Jefferson üòê 
_trxlluminati, Fri Apr 24 03:08:34 +0000 2020, -90.500427, 30.551922, üòÇüòÇüòÇüòÇ 
gogowrites, Fri Apr 24 03:08:34 +0000 2020, -117.887439, 33.739992, @svllesa They‚Äôre so pretty üòû 
_TommyJettson, Fri Apr 24 03:08:34 +0000 2020, -84.541562, 33.588263, @_AbLashae Yea ok 
SeahawksForever, Fri Apr 24 03:08:34 +0000 2020, -122.194398, 47.481598, @ERoemersberger That‚Äôs a pretty severe underpay for Denver. I‚Äôll pass üòâ 
icemike1, Fri Apr 24 03:08:34 +0000 2020, -117.239779, 33.184921, https://t.co/h8WRSgdK4Q 
KristiMarie925, Fri Apr 24 03:08:34 +0000 2020, -97.302830, 32.520998, Watching #GoodGirls season 3 on sling thanks @anjuli_jo! https://t.co/VvV1voFAgT 
bonanzavalley, Fri Apr 24 03:08:34 +0000 2020, -93.361321, 46.441861, @SingerErnie and this is on MSNBC! 20+ percent of NYC has already been infected!!!!!! And they're admitting it! https://t.co/NAFaa6sahI 
SuperWoman26245, Fri Apr 24 03:08:34 +0000 2020, -121.243144, 38.649569, @joshtpm He has completely lost every last one of his marbles hasn't he? No seriously? He now thinks he is as quali‚Ä¶ https://t.co/CqNztWgHIz 
RobIsRandomAF_6, Fri Apr 24 03:08:34 +0000 2020, -83.804475, 27.698682, They‚Äôve already escorted her outta his momma house booboo lol 
youcantblock_jd, Fri Apr 24 03:08:34 +0000 2020, -90.723902, 29.982022, Go defense 
FactorAnalyzer, Fri Apr 24 03:08:34 +0000 2020, -80.028042, 40.583877, @Zichivhu I‚Äôm with you there . Patriots traded out . They know gems are still available 
RealKyleHunt, Fri Apr 24 03:08:34 +0000 2020, -117.104989, 32.810012, Keep your thoughts and prayers. They do nothing for us. 
tadeorysx, Fri Apr 24 03:08:35 +0000 2020, -84.712302, 38.054885, üò™ 
CoachShyatt, Fri Apr 24 03:08:35 +0000 2020, -105.605821, 41.308163, Love when good people end up with good people. So happy for both @Imshifty11 and @JMUMBasketball  #GoDukes 
rback21, Fri Apr 24 03:08:35 +0000 2020, -98.540651, 29.417501, Eagles drafting a Safety would be great also 
TerryLBergen1, Fri Apr 24 03:08:35 +0000 2020, -121.951252, 49.137310, SARS started from a wild animal market in China and according to  Glpbal those markets were supposed to be shut down at that time. 
TommyDubbs46, Fri Apr 24 03:08:35 +0000 2020, -115.234435, 36.018805, @TatsandPats77 Nope and they said exactly what I figured "why" they did it; get the same dude at 37 that you'd get‚Ä¶ https://t.co/2W9fNRnl8F 
BuenosDias99, Fri Apr 24 03:08:35 +0000 2020, -80.137196, 25.956118, I forgot this mother fucker had rona 
_forevaPEA, Fri Apr 24 03:08:35 +0000 2020, -95.446486, 29.838495, Sooo ready to get in bed 
chelles11, Fri Apr 24 03:08:35 +0000 2020, -117.851089, 33.842863, My favorite bubbly ‚ù§Ô∏è #wilsoncreek #wind https://t.co/h5RxbPPUg0 
fresnokid1, Fri Apr 24 03:08:35 +0000 2020, -95.778712, 29.721989, Stupid as all get up 
kzack1313, Fri Apr 24 03:08:35 +0000 2020, -100.076888, 31.168893, He was like no way girl üòÇüò±üòÇ 
DaveMoore44, Fri Apr 24 03:08:35 +0000 2020, -81.383155, 41.430370, @sigg20 No chaw? 
cockwafflezz, Fri Apr 24 03:08:35 +0000 2020, -93.361321, 46.441861, @interwistingly PLEASE GIVE ME THE CODE OMFG 
Bill_Canter, Fri Apr 24 03:08:35 +0000 2020, -77.084908, 38.970278, ‚ÄúReally Want to Flood NY and NJ‚Äù: Internal Documents Reveal Team Trump‚Äôs Chloroquine Master Plan https://t.co/WkTmx8zsnP via @VanityFair 
kdglik, Fri Apr 24 03:08:35 +0000 2020, -95.446486, 29.838495, Texan fans are sick üòÇüòÇüòÇ 
TexanInOz, Fri Apr 24 03:08:35 +0000 2020, -111.917026, 40.765805, @Sunsplashsun @redbuttegarden 
BodyMri, Fri Apr 24 03:08:35 +0000 2020, -75.117998, 40.004866, @BrandonBroadhu3 @ScottPresler @realDonaldTrump @stevestivers ü§Æ 
tkirkphoto, Fri Apr 24 03:08:35 +0000 2020, -120.882482, 47.273022, @RepDerekKilmer Hope you are well. 
Arcticwolff, Fri Apr 24 03:08:35 +0000 2020, -81.705467, 41.495940, @turtledumplin Yay! 
staaavo, Fri Apr 24 03:08:35 +0000 2020, -118.411907, 34.020789, üòÇüòÇüòÇüòÇüòÇ 
RussellDuren, Fri Apr 24 03:08:35 +0000 2020, -115.223125, 36.232915, Shutdowns are for corporate cronies. 
Shandreka13, Fri Apr 24 03:08:36 +0000 2020, -93.294766, 30.847570, Need to be in somebody‚Äôs gym 
KCartledge85, Fri Apr 24 03:08:36 +0000 2020, -83.173867, 32.678207, @AtlantaFalcons @TheFalcoholic TD just CANT pick the best player available unless it‚Äôs a WR, can he? 
FR3DWORD, Fri Apr 24 03:08:36 +0000 2020, -98.713084, 29.550182, @ManusBaldspot99 Y‚Äôall barely score 21 üòÇ 
ashley_bug22085, Fri Apr 24 03:08:36 +0000 2020, -86.441236, 39.766555, ‚Äúyeah so i didn‚Äôt like this cat i got and i actually uh faded it for a blunt‚Äù excuse me WHAT üíÄ 
FadeN2Gaming, Fri Apr 24 03:08:36 +0000 2020, -76.295896, 36.763216, I wonder what @cj_wentz is thinking right about now ü§îü§îü§î #flyeaglesfly 
CMcGee1, Fri Apr 24 03:08:36 +0000 2020, -90.178629, 30.001244, I told you that OL was coming 
IshaboiBrandon, Fri Apr 24 03:08:36 +0000 2020, -91.090800, 30.459100, I hate us lmaoooooo 
AleGandaraA, Fri Apr 24 03:08:36 +0000 2020, -106.162898, 28.941866, @Mr_Alchemist Ten la "D" 
Mrlovestein, Fri Apr 24 03:08:36 +0000 2020, -74.934345, 39.790061, Better off having chip kelly doing our draft 
Drebuckz_, Fri Apr 24 03:08:36 +0000 2020, -73.849441, 40.850347, Being a NY nigga is phenomenal. You in tuned with everything jiggy 
kukuaa2, Fri Apr 24 03:08:36 +0000 2020, -122.334461, 47.307568, 1.Understand 2.Motion 3.Everlasting 4.Only Love 5. Nominate - My top 5 fav. but the whole album is üî•üî•üî•You deserve‚Ä¶ https://t.co/9Ks0bDSJ74 
ItsKarinmarie, Fri Apr 24 03:08:36 +0000 2020, -93.262046, 44.970610, @DawnAtFOX9 @christos77 üòÇ 
tigerbait0913, Fri Apr 24 03:08:36 +0000 2020, -91.090800, 30.459100, @Joe_Burrow10 Lifetime Tiger. New born Bengal! Good luck Joe! Gonna be cheering for you on Sundays now! 
SJC4783, Fri Apr 24 03:08:36 +0000 2020, -80.817245, 41.235332, Home made tomato basil pasta üçÖüçùü•Ç#QuarantineKitchen https://t.co/TpI1d0AlEq 
_icoach, Fri Apr 24 03:08:36 +0000 2020, -94.128634, 30.086918, @JacoryPerrault I said what I said 
xMADE_in_ASIAx, Fri Apr 24 03:08:36 +0000 2020, -96.761753, 32.819858, Aww prayers for Dak and his family. That pain from that type of loss is beyond devastating 
ShaggyBlack, Fri Apr 24 03:08:36 +0000 2020, -83.804475, 27.698682, @ThatGuyEdub What side of town g? 
iJordan340, Fri Apr 24 03:08:36 +0000 2020, -83.173867, 32.678207, Triggered. 
The_LifeOfNova, Fri Apr 24 03:08:36 +0000 2020, -75.117998, 40.004866, I can‚Äôt be mad at us picking a WR that ran a 4.22-4.28 40... He can be 5‚Äô11‚Äù as long as he runs that fast I am perf‚Ä¶ https://t.co/U88GUkWg42 
sales1ltd, Fri Apr 24 03:08:36 +0000 2020, -83.139281, 40.125273, @BBB_54_ Yep! https://t.co/xn8uu7gfvm 
G_Wyatt_War, Fri Apr 24 03:08:36 +0000 2020, -76.796447, 40.157443, @Nader723 @Saints We all stunned 
ichrissylove, Fri Apr 24 03:08:37 +0000 2020, -73.053745, 41.224028, The smart water alkaline 9+ph ISSSS BOMBBBBB UGHH MY NEW FAVORITE WATER 
V_Broncos, Fri Apr 24 03:08:37 +0000 2020, -104.922093, 39.713563, 2 years ago @Broncos let Courtland Sutton and Bradley Chubb fall into their laps.Last year they waited...&amp; waited‚Ä¶ https://t.co/zy4eoHdz9J 
traceyecorder, Fri Apr 24 03:08:37 +0000 2020, -122.228685, 37.791994, Excellent. 
MD03191, Fri Apr 24 03:08:37 +0000 2020, -77.236969, 38.805115, @FuhrerZakk Hello 
mrgilmore10, Fri Apr 24 03:08:37 +0000 2020, -119.165389, 34.181956, Y‚Äôall better hope Bill‚Äôs ‚Äúsystem‚Äù is real because the Pats lookin a lil rough üòÇ 
iamjohaaan, Fri Apr 24 03:08:37 +0000 2020, -71.955533, 45.412629, @brokeboi691 Timal j‚Äôai rat√© l‚Äô√©v√©nement 
asmall_word, Fri Apr 24 03:08:37 +0000 2020, -77.014398, 38.898603, I wish Anthony Bourdain was here right now to express the complete outrage about what‚Äôs being perpetrated on the re‚Ä¶ https://t.co/oP1cddjd0h 
rena_doves, Fri Apr 24 03:08:37 +0000 2020, -111.738566, 33.295215, So beautiful ‚ú® 
__hiipow3r__, Fri Apr 24 03:08:37 +0000 2020, -97.011168, 32.655678, @KayLynTrippler Ah man, i hope everything‚Äôs okay üôèüèæ 
_GodPunchPat, Fri Apr 24 03:08:37 +0000 2020, -95.326899, 29.547885, https://t.co/nwfPiEY5zl 
elizzabethrae, Fri Apr 24 03:08:37 +0000 2020, -98.540651, 29.417501, I have all A‚Äôs in my classes... some shit isn‚Äôt adding up to 
mattiaerre, Fri Apr 24 03:08:37 +0000 2020, -118.411907, 34.020789, @secretGeek npm for @nodejs and @UseExpressJS and yarn for @reactjs don‚Äôt really know why üòÖ 
Sir_Heist, Fri Apr 24 03:08:37 +0000 2020, -111.917026, 40.765805, New Travis and Cudi tonight. Ahhh lemme get my drugs ready. 
wineanyhouse, Fri Apr 24 03:08:37 +0000 2020, -74.328959, 40.788061, O conceito votar no babu voc√™ √© automaticamente racista, n√£o gosta de ver pobre feliz, pobre ao seu ver n√£o pode te‚Ä¶ https://t.co/ik359VK2u2 
itsgracieboii, Fri Apr 24 03:08:37 +0000 2020, -88.936684, 39.854585, i wanna kiss whoever created game pigeon 
iJordan340, Fri Apr 24 03:08:37 +0000 2020, -83.173867, 32.678207, -googles how to make focaccia- 
bukkake_tsunami, Fri Apr 24 03:08:37 +0000 2020, -123.819267, 46.976568, @Cheetowunga Worth signing up? 
trevorsjung, Fri Apr 24 03:08:37 +0000 2020, -87.824126, 42.738643, ‚ÄúFirst, the neighborhood is the unit of change... Second, the people in the community have to be in charge. They ne‚Ä¶ https://t.co/C0q239L9qM 
0rly10, Fri Apr 24 03:08:37 +0000 2020, -100.453089, 31.440523, 2020 has been throwing some mf hands lately 
jennife76837456, Fri Apr 24 03:08:37 +0000 2020, -80.639541, 41.105271, Omg I Guess The State Only Pays My Husband $7.75 a Month To Clean Highways. They Won‚Äôt pay him the full amount &amp; Th‚Ä¶ https://t.co/7rCsWINTp5 
duckinugly, Fri Apr 24 03:08:37 +0000 2020, -88.106030, 41.683339, ü§£ü§£ https://t.co/pXvdeWkGgl 
PandaCareers, Fri Apr 24 03:08:37 +0000 2020, -116.260510, 43.435661, We‚Äôre looking for talented Orange Chicken Lovers to join the Panda Express team. Learn more: https://t.co/822f3SrKai #FoodService #Kuna, ID 
Axis_Of_Anarchy, Fri Apr 24 03:08:37 +0000 2020, -82.914538, 40.148988, @gerardtieng I got to see him live once. He is SO MUCH FUN to watch! 
brittania_, Fri Apr 24 03:08:37 +0000 2020, -123.123581, 49.257639, new ring designs ‚ú® the white-ish ones are actually iridescent, but that is Very Hard to capture on camera okay https://t.co/J13i1mrn1O 
LBrownKSTP, Fri Apr 24 03:08:37 +0000 2020, -93.262046, 44.970610, What a day. Up at crack of dawn with movers, kept this dude entertained during the process and now at the anchor de‚Ä¶ https://t.co/tBGMUxdMHV 
badgalllvic, Fri Apr 24 03:08:37 +0000 2020, -117.022463, 32.633767, Went to target for one thing and came out with 20 more things. Why do I do this to myself. https://t.co/XmEobZfSBS 
Bhe__ice, Fri Apr 24 03:08:37 +0000 2020, -73.849441, 40.850347, üòÇüòÇüòÇüòÇ 
SimpsonAmaya, Fri Apr 24 03:08:38 +0000 2020, -81.940298, 34.949965, @demurebeauty_ Real WRONG...like nigga now the whole world knows I‚Äôm getting cheated on üòÇüòÇüòÇ 
BiddleRaheme, Fri Apr 24 03:08:38 +0000 2020, -73.831187, 40.670879, Ahh ahh ..HUNTYY don't get caught in that trap...Sending notes threw the son 2 give 2 u ..He know u got an‚Ä¶ https://t.co/Y1OQmEFOAk 
IrishHoodlum, Fri Apr 24 03:08:38 +0000 2020, -118.480420, 34.022688, @OldTakesExposed üëÄüëÄüëÄ 
RMoore_53, Fri Apr 24 03:08:38 +0000 2020, -105.074908, 40.409374, @BlackJimHalpert The dude is a dog man.  Really wanted him in Denver 
nikosbeatpod, Fri Apr 24 03:08:38 +0000 2020, -121.243144, 38.649569, @NoHanol @Claude_heff @DuffieldTy Lol respect ! Do what you gotta do ! 
MrsMeredithR, Fri Apr 24 03:08:38 +0000 2020, -118.287140, 34.104000, Every night at 8:00pm our street makes noise for our doctors, nurses, paramedics, grocery store workers, delivery p‚Ä¶ https://t.co/qAaYbZYZXq 
RantyAmyCurtis, Fri Apr 24 03:08:38 +0000 2020, -87.967292, 43.056722, @jd4graves https://t.co/P7NqwZDL0r 
BraggsJosh, Fri Apr 24 03:08:38 +0000 2020, -94.731341, 32.503280, Asking for a friend 
ChanaDErickson, Fri Apr 24 03:08:38 +0000 2020, -92.436774, 38.304558, This man is so sweet and funnyü•∞ reminding me to bring my stuff over this weekend. @rwhite342 https://t.co/lzKQ6DmD9f 
6ixxshitt, Fri Apr 24 03:08:38 +0000 2020, -90.110051, 29.881880, @lahperk üò≠ pj cool sum games 
DunDunItAll850, Fri Apr 24 03:08:38 +0000 2020, -85.608115, 30.168579, Sean Payton on that couch chillin dead good 
RonnCott, Fri Apr 24 03:08:38 +0000 2020, -94.983932, 29.507978, @comradeddie Ok, Bb. ‚úåüèæüôÉü•∫üëâüèΩüëàüèΩ https://t.co/h0elyGEs04 
beanhopcurdvine, Fri Apr 24 03:08:38 +0000 2020, -75.117998, 40.004866, @Tylerhartling @RealDGunnNBCS I don‚Äôt disagree 
JadaB__, Fri Apr 24 03:08:38 +0000 2020, -82.063185, 33.440717, It‚Äôs really overü•∫üíî https://t.co/pjZt9AUhFp 
1LilDuff, Fri Apr 24 03:08:38 +0000 2020, -77.236969, 38.805115, @TaskforceCam ü§£ü§£ you was supposed to say "i got a family to feed too, be blessed" LMAOOOOOO 
prettygirlmajae, Fri Apr 24 03:08:38 +0000 2020, -96.761753, 32.819858, what is this ? 
foresports, Fri Apr 24 03:08:39 +0000 2020, -70.292545, 43.696187, @JeffXnbury What else is on? 
N0BLE0X, Fri Apr 24 03:08:39 +0000 2020, -118.411907, 34.020789, Men get YOSELF a @manscaped damn I ain‚Äôt never felt more relax to trim without hesitating. Today was good day. 
SayeedShoab, Fri Apr 24 03:08:39 +0000 2020, -93.606369, 41.576437, @DrCarlaC He‚Äôs messed upüòµ 
MischiefSilver, Fri Apr 24 03:08:39 +0000 2020, -117.397616, 33.935822, @StrahdVonZ I have so many damn books on my hd I need to read. 
Moises59490648, Fri Apr 24 03:08:39 +0000 2020, -100.168717, 25.778679, @telediariomty El transporte ya esta reducido, desde mucho tiempo atras, antes que empezara la pandemia 
iam_MR713, Fri Apr 24 03:08:39 +0000 2020, -95.446486, 29.838495, OMG!! They know their names too. üòçüòç 
vaaaaaannee, Fri Apr 24 03:08:39 +0000 2020, -118.503259, 34.415631, Using bumble In Scv is cancelled until further notice 
piscapocha2, Fri Apr 24 03:08:39 +0000 2020, -100.293591, 25.641718, Presidente, pues apoya a los comit√©s de las escuelas con el dinero necesario para pagar los arreglos a los alba√±ile‚Ä¶ https://t.co/kG1lF02MY5 
EvilByMoonlight, Fri Apr 24 03:08:39 +0000 2020, -86.273286, 43.198203, @tsubecky RUDE 
Cliffo1989, Fri Apr 24 03:08:39 +0000 2020, -72.756704, 42.130942, @Ajmakeithappen7 @Patriots Hell no man, he the definition of the enemy now, respect for what he accomplished n will‚Ä¶ https://t.co/Hrw4drTvrf 
darcistanish12, Fri Apr 24 03:08:39 +0000 2020, -83.804475, 27.698682, @allydanielle_ üòòüòò 
ChrisRAllen, Fri Apr 24 03:08:39 +0000 2020, -86.680738, 32.576227, @daniwhitehead03 Would have loved him and Coop together. 
mandymau55, Fri Apr 24 03:08:39 +0000 2020, -96.761753, 32.819858, Anyone hiring where minorities work? :)) 
Lazahhzahh, Fri Apr 24 03:08:39 +0000 2020, -79.857363, 36.090397, Bruh jade do this üòÇ I be wanting to slap her 
Erasergirl1, Fri Apr 24 03:08:39 +0000 2020, -120.841443, 37.060965, üëäüëäüëä 
champ_wright, Fri Apr 24 03:08:39 +0000 2020, -96.758966, 35.974215, koe fucking wetzel baby! üêëüêëüêë 
kadamster, Fri Apr 24 03:08:39 +0000 2020, -122.435979, 37.770657, AHHHHHHHHHHHHHHHHHHHH!!!! #ParksAndRec https://t.co/KiprTvy0VT 
iambabis, Fri Apr 24 03:08:39 +0000 2020, -100.293591, 25.641718, No puedo contener mi emoci√≥n, ya esta mi nuevo libro en Amazon üìù 
issaburnerpal, Fri Apr 24 03:08:39 +0000 2020, -76.886708, 38.872344, @liaelibro I wish you listened to more music üòï 
kurthillz, Fri Apr 24 03:08:39 +0000 2020, -81.248786, 42.948841, @PressSec Go inject some bleach there, Kayleigh 
tipsyisme, Fri Apr 24 03:08:39 +0000 2020, -80.263517, 26.124507, @EONBREAK_ He did a trick on me and my old friend at ultra 2018. Didn‚Äôt know who he was until I saw his profile 
PJPOLACO, Fri Apr 24 03:08:39 +0000 2020, -73.022108, 41.566578, @Marvelous32 @LuciferNetflix Is my favorite. Can‚Äôt wait for season five watched every single episode twice LOL 
patrickrileycro, Fri Apr 24 03:08:39 +0000 2020, -80.068196, 40.500806, Defense looking good ‚ö°Ô∏è @Chargers 
glucosefthr, Fri Apr 24 03:08:39 +0000 2020, -95.446486, 29.838495, https://t.co/6JgmjU0vBw 
Darkness504, Fri Apr 24 03:08:40 +0000 2020, -90.178629, 30.001244, @rainerausmus Favorite show. The foolishness runs rampant on there 
ImAlvar0, Fri Apr 24 03:08:39 +0000 2020, -96.822285, 32.817906, Trying random shit https://t.co/ESzxADq1A0 
SJFinlay, Fri Apr 24 03:08:40 +0000 2020, -123.123581, 49.257639, Hey @Fluevog , love the @drbonniehenry shoe.  Just wondering when the @CPHO_Canada will be ready?  Surely equally deserving! 
DavidJFine, Fri Apr 24 03:08:40 +0000 2020, -77.213207, 42.969117, Haha these are definitely words that were spoke in many zoom chats during 4/20 celebrations üòÖüòÖüòÖ 
alline_lima, Fri Apr 24 03:08:40 +0000 2020, -79.272570, 43.629311, Este perfil √© #FicaThelma e........... muito dif√≠cil, por√©m #FicaBabu e #ForaRafa. 
lowkeynan, Fri Apr 24 03:08:40 +0000 2020, -97.135638, 32.701850, etat major x extra musica is an all time classic. 
Tarheelwilliams, Fri Apr 24 03:08:40 +0000 2020, -87.064933, 30.384825, @DBrooks55 
A_Viscount12, Fri Apr 24 03:08:40 +0000 2020, -74.570025, 39.344640, @anthonyregs Spineless little weasel fuck 
ChaotiCliqueMom, Fri Apr 24 03:08:40 +0000 2020, -73.831187, 40.670879, @peenpilots Have you tried putting it in rice? 
JordanMPonder, Fri Apr 24 03:08:40 +0000 2020, -79.179013, 37.400955, MURRAYYYYYYYYY @Stugotz790 
TheMattPetz, Fri Apr 24 03:08:40 +0000 2020, -71.912818, 41.908508, @DR0girl Yes. 
Trent_PhD, Fri Apr 24 03:08:40 +0000 2020, -96.761753, 32.819858, @GoBigGurlsGo Thanks for you continued support 
The_Sooch, Fri Apr 24 03:08:40 +0000 2020, -87.732013, 41.833585, @GlargoH @adamjahns https://t.co/qVlLO8BX9N 
brookswheelan, Fri Apr 24 03:08:40 +0000 2020, -118.411907, 34.020789, @ModernWood Add me: Toll Benson 29 
WhoaKeeley, Fri Apr 24 03:08:40 +0000 2020, -86.142922, 39.779562, Feel so bad that the editing wasn‚Äôt good ‚òπÔ∏è Jonas has no control over that. They probably wanted to rush it because‚Ä¶ https://t.co/IsK7iQoP5N 
lisamarieschul, Fri Apr 24 03:08:40 +0000 2020, -95.446486, 29.838495, @dd1957b3f4394dc @seanhannity He is awesome! Love him ‚ù§Ô∏è 
jamesbrowntv, Fri Apr 24 03:08:40 +0000 2020, -75.770041, 42.746617, Aren‚Äôt you the guy who said they were trading up for Tua 
7ftvonn, Fri Apr 24 03:08:40 +0000 2020, -96.761753, 32.819858, @iam_koyaa Koyaa. Gone tf on naa https://t.co/TFgBzNxMin 
jah_311, Fri Apr 24 03:08:40 +0000 2020, -86.611411, 34.706027, @4jay1w I was born in this country this is my home no matter how fucked up it is so why would I spit in the face of‚Ä¶ https://t.co/vs2xGBlmk0 
Donaldgleason82, Fri Apr 24 03:08:40 +0000 2020, -79.995359, 35.995054, @realDonaldTrump Nobel Prize Winning Scientist Claims Coronavirus Came From Wuhan Laboratory, Contains HIV Inserts‚Ä¶ https://t.co/OgHgio2jCK 
FrancescaMMoore, Fri Apr 24 03:08:40 +0000 2020, -94.865305, 36.880269, Cheers to you sis. You keep showing up with your whole heart. You just don‚Äôt quite. For a woman like you I don‚Äôt th‚Ä¶ https://t.co/OYAIek06ic 
cquine, Fri Apr 24 03:08:41 +0000 2020, -123.123581, 49.257639, Toot toot https://t.co/eRGVGEW6yd 
BlondeBeauty38, Fri Apr 24 03:08:41 +0000 2020, -76.620482, 39.284713, @realDonaldTrump IS A FUCKING IDIOT!!! VOTE 2020 
UrBoiDLC, Fri Apr 24 03:08:41 +0000 2020, -85.167617, 35.252037, @btsutu_ Probably 
Y_Soup, Fri Apr 24 03:08:41 +0000 2020, -111.969139, 40.516553, @aaronmiller I‚Äôm not sure how to work clips from that episode Into a nonprofit management class, but please try. 
maxpmusiq, Fri Apr 24 03:08:41 +0000 2020, -87.336863, 30.416908, I can't let the day end without wishing my one and only a happy birthday! @Jenn_Petion, although circumstances may‚Ä¶ https://t.co/dRBL6ia0Ue 
MsEcuaMarla, Fri Apr 24 03:08:41 +0000 2020, -87.864887, 42.314577, @AleksMBMagenta She is adorable!! Sooooo cute!!! 
bumblebryx, Fri Apr 24 03:08:41 +0000 2020, -81.541705, 39.256249, @DrinkWater7TEEN being boyfriend and girlfriend is two separate individuals. when you get married you become one, y‚Ä¶ https://t.co/tOSy2rhDEW 
breana_janee, Fri Apr 24 03:08:41 +0000 2020, -81.516751, 41.080877, Can i fuck 
Chase_Glorfield, Fri Apr 24 03:08:41 +0000 2020, -114.465155, 42.561255, @mybrainissmart I agree. I‚Äôm certain that has something to do with it. 
vizioncreation, Fri Apr 24 03:08:41 +0000 2020, -82.432361, 28.076861, DM day 1 @JulianaJuggz 
JHill_21, Fri Apr 24 03:08:41 +0000 2020, -71.528578, 42.225898, @tylerinoklahoma @PGATOUR Pick for 2020 not 1950 
WWDEatNext, Fri Apr 24 03:08:41 +0000 2020, -86.142922, 39.779562, Copped the nerf gun. Why not ü§∑üèæ‚Äç‚ôÇÔ∏è 
noykestweet, Fri Apr 24 03:08:41 +0000 2020, -90.270335, 30.035551, The Zumba¬Æ Routine of the Week is @cynditeam‚Äôs ‚ÄúGirls Just Want To Have Fun!!!‚Äù  PLEASE REPOST!!!  Thanks to the ch‚Ä¶ https://t.co/pwlIZjTsAc 
jaggerhdzz, Fri Apr 24 03:08:41 +0000 2020, -98.540651, 29.417501, @itsnotyesitis speak up....... 
BoltVox, Fri Apr 24 03:08:41 +0000 2020, -117.851089, 33.842863, @diidlake Oh man terrible 
burger_film, Fri Apr 24 03:08:41 +0000 2020, -90.329325, 38.799436, Why did she fuck her friend man??? 
BodyMri, Fri Apr 24 03:08:41 +0000 2020, -75.117998, 40.004866, @livinmuhlyfe @ScottPresler @realDonaldTrump @stevestivers ü§Æ 
FreeLetMeRock, Fri Apr 24 03:08:41 +0000 2020, -76.069946, 36.802541, Queen or Brooks best LBs left 
JonathanViacava, Fri Apr 24 03:08:41 +0000 2020, -122.630908, 45.536402, @Kaycool82 @TMobile @TMobileGear @JonFreier @MikeSievert https://t.co/jdMVJbW0AI 
ErikAndoNUFC, Fri Apr 24 03:08:42 +0000 2020, -74.066663, 40.718001, I‚Äôve never been more excited to vote. I CANNOT wait to vote him out!!!! 
iBeRossah, Fri Apr 24 03:08:42 +0000 2020, -117.104989, 32.810012, This is sum B‚Äôs üôÑ 
brianajoo, Fri Apr 24 03:08:42 +0000 2020, -97.672732, 30.519340, üëèüèΩüëèüèΩ 
SezginEminolu1, Fri Apr 24 03:08:42 +0000 2020, -79.430018, 42.847226, Sevmekte zor unutmakta zor ,kaldƒ±k iki zor,un arasƒ±nda. 
tony_oglesby, Fri Apr 24 03:08:42 +0000 2020, -82.865903, 34.107676, You only as good as your last game. Especially when you playing against elite talent like the SEC ü§∑üèæ‚Äç‚ôÇÔ∏è. 
adri_Un, Fri Apr 24 03:08:42 +0000 2020, -74.209999, 40.824905, @SophieeTru Jajaja a mi cuesta que me hagan sorpresas porque siempre lo intuyo! Solo mi despedida si fue una s√∫per sorpresaü•∞ü•≥ 
laceymariej, Fri Apr 24 03:08:42 +0000 2020, -91.401008, 30.937336, Cause baby...ü§¶üèø‚Äç‚ôÄÔ∏è 
DJLightFighter, Fri Apr 24 03:08:42 +0000 2020, -115.234435, 36.018805, @chizzy_getsbusy Djax fast 
TeamDavis12, Fri Apr 24 03:08:42 +0000 2020, -81.520478, 41.588460, @ebiz42 I‚Äôm glad he didn‚Äôt make it to Baltimore I think they would‚Äôve taken him 
rodneyconyersjr, Fri Apr 24 03:08:42 +0000 2020, -96.053431, 41.275721, Hi everyone I hope you‚Äôre doing well. Here‚Äôs a tipsy piano rendition of Michael Jackson‚Äôs Remember The Time lol https://t.co/K9dren5256 
Kofdiamonds_, Fri Apr 24 03:08:42 +0000 2020, -80.230358, 26.164865, üò≠üò≠ 
michaelrvorpahl, Fri Apr 24 03:08:42 +0000 2020, -116.089270, 34.134218, @CoreyMenzinger Dead bro. ü§£üíÄ 
quinnperugini, Fri Apr 24 03:08:42 +0000 2020, -100.076888, 31.168893, i hope that it was worth it fucking josslyn 
tinacochina, Fri Apr 24 03:08:42 +0000 2020, -97.754724, 30.323346, Mom is laying on the couch semi nude. Just dazed. Baby is getting attention and oxygen and mom is just trying to ge‚Ä¶ https://t.co/tF1e3dqXOn 
DahlingerD, Fri Apr 24 03:08:42 +0000 2020, -98.540651, 29.417501, @lost_inthesauce One of them had a Heisman throwing to them, one of them had a true freshman and prior to that zero‚Ä¶ https://t.co/Uz3rYIP09G 
jellykasa, Fri Apr 24 03:08:42 +0000 2020, -79.861034, 35.170499, @LuxShining It feels weaker ofc because it just just to be busted, now it feels more balanced to me, but not outcla‚Ä¶ https://t.co/utgeVT8JtQ 
mdolp1, Fri Apr 24 03:08:42 +0000 2020, -80.463200, 25.706249, @kathleen_noa Cesar Ruiz 
Kontravercy, Fri Apr 24 03:08:42 +0000 2020, -83.804475, 27.698682, Why? Natural selection 
fierystatehotel, Fri Apr 24 03:08:42 +0000 2020, -89.266508, 39.739300, @SpeedeBreede For real. Maybe it was stuck in time in an interesting way till a point. Now it‚Äôs a cringe-worthy slo‚Ä¶ https://t.co/z2Uj9BLftZ 
DoctorShades24, Fri Apr 24 03:08:42 +0000 2020, -97.808380, 30.455692, The fire that sparked our freedom. 
BrianLearbj, Fri Apr 24 03:08:42 +0000 2020, -76.606040, 39.899169, @opensignal You should make a Facebook group for this! LOL, I‚Äôm very sure it will get more people to notice the app 
diemundbak244, Fri Apr 24 03:08:43 +0000 2020, -79.861034, 35.170499, @secupp No he didn‚Äôt.  Watch full clip.  30 minutes into interview reporter asks about injecting disinfectants. 
dana_cromer, Fri Apr 24 03:08:43 +0000 2020, -79.420865, 38.003376, Can I frame these?! I‚Äôm so serious 
PaceBrock, Fri Apr 24 03:08:43 +0000 2020, -112.321276, 34.617647, Told y‚Äôall we was gunna get a OL @Nader723 
LowiththeCheeks, Fri Apr 24 03:08:43 +0000 2020, -90.011008, 29.982601, Start minding your business whewü•¥ 
_LexBlazzin, Fri Apr 24 03:08:43 +0000 2020, -95.446486, 29.838495, @Lovin_Kyla Right lol smh I‚Äôm lowkey hooked , however, is it for a legit reason ya know lol ü§î 
Heyyouknowjason, Fri Apr 24 03:08:43 +0000 2020, -119.763903, 36.298599, @frankiee_jayyy I should reactivate it huh üëÄ 
themjharness, Fri Apr 24 03:08:43 +0000 2020, -94.967991, 29.380046, House passes $484 billion relief bill  https://t.co/OGaL8ERxCe 
MileoFeo, Fri Apr 24 03:08:43 +0000 2020, -122.506779, 47.157103, I never complain about anything unless it‚Äôs something that I don‚Äôt like üíØ 
rauguapo, Fri Apr 24 03:08:43 +0000 2020, -119.306608, 37.269176, @NoHoesDatBoii Wr and O line but I‚Äôm sure the GM would rather get picks 
CoachSweeneyXC, Fri Apr 24 03:08:43 +0000 2020, -83.184784, 41.114784, @AdamSchefter Eagles Nation sends sincere condolences... way bigger than sports. Heartbroken for Dak, he‚Äôs a Class A human being. 
hotrocksyes, Fri Apr 24 03:08:43 +0000 2020, -84.273139, 33.248881, @RealJamesWoods @nancy73gg Jeez .. could'ya kept it a secret .. um, whatever .. 
lord_gnaw, Fri Apr 24 03:08:43 +0000 2020, -73.258713, 42.450811, https://t.co/kjBMih4Bdh 
NLiddle16, Fri Apr 24 03:08:43 +0000 2020, -80.864556, 35.568434, God took a bow. Jacob whitesides. that‚Äôs it. that‚Äôs the freaking tweet. 
Lazarolopezmer1, Fri Apr 24 03:08:43 +0000 2020, -117.462698, 34.108160, Los que tiene el hijo de Deschamps, no se cuanto valgan . Y nunca en su vida ha trabajado . 
keeonB_thatbeme, Fri Apr 24 03:08:43 +0000 2020, -97.753840, 31.079307, @IloveLissie Have you seen La Ni√±a? 
StephyLSilva, Fri Apr 24 03:08:43 +0000 2020, -98.317683, 26.208802, üî• üéπ üéπ üéπ üî•French Toast by Westside Gunnhttps://t.co/1H1xxNKdmB 
SkolSees, Fri Apr 24 03:08:43 +0000 2020, -87.744706, 42.034116, Saints can have Ruiz. We need tackle and CB, guard can be addressed later. 
DeadEyesArt, Fri Apr 24 03:08:43 +0000 2020, -96.761753, 32.819858, I need my own sticker machine. I should be pumping out stickers left and right. 
HollywoodE10, Fri Apr 24 03:08:43 +0000 2020, -83.099288, 42.352787, Nips 
Reese_Walton116, Fri Apr 24 03:08:43 +0000 2020, -90.247824, 38.653771, Ohio State has invaded the #NFLDraft 
xxo_hanan, Fri Apr 24 03:08:43 +0000 2020, -86.791549, 36.200008, @xohareg Yes you need to fr! 
_Colossal18, Fri Apr 24 03:08:43 +0000 2020, -93.262046, 44.970610, King..... 
SebastianWolski, Fri Apr 24 03:08:43 +0000 2020, -118.411907, 34.020789, Loving this pick! Welcome to LA! #NFLDraft2020 #nfldraft https://t.co/pKfHYp7v8v 
Jay_Tw1st, Fri Apr 24 03:08:44 +0000 2020, -76.850381, 38.998784, Niggas on twitter spent all offseason telling me Justin Jeff more than a slot receiver.....then on his draft day th‚Ä¶ https://t.co/rkALmZluKY 
prowag, Fri Apr 24 03:08:44 +0000 2020, -89.569491, 44.900818, @bzelizer Congrats!! 
KendrixTweets, Fri Apr 24 03:08:44 +0000 2020, -83.173867, 32.678207, Finally! #FrightClub https://t.co/MmPNZXjfT1 
jimmykhudg, Fri Apr 24 03:08:44 +0000 2020, -77.604684, 41.117936, @Mike_Stoops41 @KennethMurray You did awesome with him @Mike_Stoops41 
tristanwest_21, Fri Apr 24 03:08:44 +0000 2020, -117.706310, 33.529449, If Kirk cousins doesn‚Äôt throw for atleast 5,000 yds and 35 touchdowns he needs to get traded 
JonDeauxx, Fri Apr 24 03:08:44 +0000 2020, -95.446486, 29.838495, Don‚Äôt Payton got covid? 
GarrowMonique, Fri Apr 24 03:08:44 +0000 2020, -79.272570, 43.629311, Baby Cheddar.....üòª 
Hey__Zach, Fri Apr 24 03:08:44 +0000 2020, -97.935192, 29.895606, Sean Peyton had some fresh ass kicks on 
jacka614, Fri Apr 24 03:08:44 +0000 2020, -75.088781, 39.896873, @JawsCEOQB Howie Blows Jaws!!!! Fire him now 
_REEChaos, Fri Apr 24 03:08:44 +0000 2020, -90.011008, 29.982601, Let‚Äôs see who the saints pick #NFLDraft2020 
StillPhil16723, Fri Apr 24 03:08:44 +0000 2020, -73.831187, 40.670879, @LittleMissLizz Layla tov 
BowlingAlleyKid, Fri Apr 24 03:08:44 +0000 2020, -75.117998, 40.004866, üëÄ this is important. Watch the fuck out 
_hollierachelle, Fri Apr 24 03:08:44 +0000 2020, -97.285913, 32.779967, @curlybeviie üòÇüòÇüòÇüòÇ lmao naw fr 
JohnnAlvarezz, Fri Apr 24 03:08:44 +0000 2020, -97.935192, 29.895606, @Christianc63 first time in 6 years they went 8-8 man come ooooooon, you stay disrespecting me on the TL ü§£ it‚Äôs not like this in real life 
yourmandaniel, Fri Apr 24 03:08:44 +0000 2020, -86.270540, 45.001180, @jenelaina This is 2020 what do you expect 
your_boy_wilk, Fri Apr 24 03:08:44 +0000 2020, -121.278605, 38.119674, @iAM_JoshJacobs @_TheGenius217 @Raiders Clelin was a dog year 1. Year two, him and madd maxx gonna be a scary combo. 
RaiderFan3000, Fri Apr 24 03:08:44 +0000 2020, -80.926628, 33.631140, @SpookyRaider He was donating blood plasma the other day 
ErinTobz, Fri Apr 24 03:08:44 +0000 2020, -95.446486, 29.838495, @RealJoeyJabroni I have surgical masks with the metal that bends easily to my nose so I usually get a good seal. I‚Ä¶ https://t.co/XIYTCfU6QH 
_butler2, Fri Apr 24 03:08:45 +0000 2020, -81.520478, 41.588460, Uzi was really slidin on Myron 
lluciddream, Fri Apr 24 03:08:45 +0000 2020, -86.791549, 36.200008, Just wait until Drew retires and Burrow will be a Saint one day 
harharbinks, Fri Apr 24 03:08:45 +0000 2020, -73.948775, 40.655138, @JordanSheldon3 wait actually did i have covid? 
RyanRettke3, Fri Apr 24 03:08:45 +0000 2020, -96.734900, 33.061243, RIP. Prayers, that‚Äôs so tuff. 
VNC_RL, Fri Apr 24 03:08:45 +0000 2020, -96.991828, 33.042437, @_MotherBear_ *Boys 
prime1999, Fri Apr 24 03:08:45 +0000 2020, -81.283121, 28.784184, @conderius_sims Chargers have a second round pick? https://t.co/onvjfSHJ2d 
Onlyone_Ni, Fri Apr 24 03:08:45 +0000 2020, -76.921232, 38.848156, @coolestonek Yesss congratsss üíôüíôüíôüíô 
alecopalka, Fri Apr 24 03:08:45 +0000 2020, -74.190621, 42.948039, This is rlly how people are when they get 1 pair of designer clothing 
gndrist, Fri Apr 24 03:08:45 +0000 2020, -71.312617, 42.693109, @alyssalimp @TheMikeOMalley Wicked smart 
lleger, Fri Apr 24 03:08:45 +0000 2020, -91.090800, 30.459100, WHAT ARE YOU DOING WHY 
Breno_Ferrari, Fri Apr 24 03:08:45 +0000 2020, -73.968542, 40.780709, Quem sai? #pared√£obbb20 #falandodebbb #redebbb #bbb20# 
ChrisKisThirsty, Fri Apr 24 03:08:45 +0000 2020, -117.639000, 33.647600, Love this. Coffee flavor blends well with the dark grains. So much decadence and deliciousness. - Drinking a There‚Ä¶ https://t.co/vRIEAWELQt 
MrDoeCallmeJohn, Fri Apr 24 03:08:45 +0000 2020, -85.978600, 35.830522, Man I‚Äôm going to be bed! We coulda traded down for that bullshit 
GrtStJefferson, Fri Apr 24 03:08:45 +0000 2020, -121.548581, 39.122291, @panekbill @Sheld_a @aaron_tagerson @jdcshiner @DrunkLiz1 @swinginberrys @carolynboardman @TilghmanWill‚Ä¶ https://t.co/ev2OQApPCR 
givingsomemo, Fri Apr 24 03:08:45 +0000 2020, -90.011008, 29.982601, I hate these bastards...worry about your meat! üñï https://t.co/PPt0H1Xycq 
Heath22Newman, Fri Apr 24 03:08:45 +0000 2020, -84.220045, 39.034415, @AdamLefkoe Don‚Äôt look @samparentt 
BCFolks, Fri Apr 24 03:08:45 +0000 2020, -93.262046, 44.970610, @VXIOW Come up here and golf this weekend! I‚Äôll pay for the gas! 
HectorFigueiras, Fri Apr 24 03:08:45 +0000 2020, -100.293591, 25.641718, @m_ebrard Don Marcelo y estas si son las buenas o son iguales a las porquer√≠as que presento don zoe ???#COVID19mx‚Ä¶ https://t.co/A6XXHM3EPX 
RevAndyKarlson, Fri Apr 24 03:08:45 +0000 2020, -89.569491, 44.900818, @donnadb Just looked at the sample questions out of curiosity, and yikes, I'll just stay quietly in my lane. 
mikerandall72, Fri Apr 24 03:08:45 +0000 2020, -86.680738, 32.576227, @HunterLJohnson ü§£ 
nicoleeeerenee, Fri Apr 24 03:08:45 +0000 2020, -117.319094, 34.418775, everytime i‚Äôve gone to a party with a dog being there üòÇ 
DsDsbama, Fri Apr 24 03:08:45 +0000 2020, -88.161555, 30.683649, Kenneth Murray from Oklahoma   just became one of my favorite players! Wow, what a story about him and his family a‚Ä¶ https://t.co/W426mQyb8S 
Meechipeechi, Fri Apr 24 03:08:45 +0000 2020, -84.557899, 42.712049, I‚Äôve spent $1000 in car repairs this one, I‚Äôm not okü•¥üò≠ 
_matjo, Fri Apr 24 03:08:45 +0000 2020, -122.279521, 37.875845, https://t.co/asLCUv8pvz 
jennalwalkerr, Fri Apr 24 03:08:45 +0000 2020, -121.971926, 38.362844, Nearly six weeks in quarantine and I JUST found my overalls 
cowlonfull, Fri Apr 24 03:08:45 +0000 2020, -98.319925, 38.498196, Just trying to watch the draft and everyone keeps thanking me. You‚Äôre welcome I guess 
Don_MannyOG, Fri Apr 24 03:08:45 +0000 2020, -75.117998, 40.004866, @BrandonGowton Feels like an Agholor Jersey don‚Äôt know why lol 
Kevin4marshall, Fri Apr 24 03:08:45 +0000 2020, -117.028441, 32.664919, @kindredmurillo Scary read but definitely well worth reading. Thank you for sharing 
mrspudvevo, Fri Apr 24 03:08:45 +0000 2020, -118.411907, 34.020789, @shortBlasian @lilgaston Stretch out your spine 
I80Queen, Fri Apr 24 03:08:45 +0000 2020, -121.743606, 47.476616, @StayOregon Unless you are #wealthy and playing #golf or #boating etc, which I see a lot of campers with #toys &amp;‚Ä¶ https://t.co/hZxFmjJ5ut 
pagecats, Fri Apr 24 03:08:45 +0000 2020, -93.275920, 44.772688, @robmonroe @HamSumble God damn I fucking miss Randy Gilbert. 
JBREUSS31, Fri Apr 24 03:08:45 +0000 2020, -74.826269, 38.987691, @Villasone Size and measurables don‚Äôt mean production. They missed/ didn‚Äôt overpay for the glamour picks. I dig the pick 
highoffkennedi, Fri Apr 24 03:08:45 +0000 2020, -84.433106, 33.767195, Bra LMFAOOOOO amazon better pay for the abortion 
stevengriffin68, Fri Apr 24 03:08:45 +0000 2020, -75.337493, 39.920855, Let‚Äôs hope reagor don‚Äôt see these tweets so he don‚Äôt turn into a Nelson and loses confidence fuck 
olgadiaz03, Fri Apr 24 03:08:45 +0000 2020, -118.262130, 33.773030, Melissa and Doug Victorian Dollhouse #victoriandollhouse #hometreasures311 @ Home + Treasures https://t.co/Ek0PRqTrOO 
mjoxster, Fri Apr 24 03:08:45 +0000 2020, -87.898100, 42.763712, @JBilhorn Popped up on shuffle this week, will up it in the rotation once I get thru the new #killarmy 
gerrigarrick, Fri Apr 24 03:08:46 +0000 2020, -118.411907, 34.020789, @JamesGunn #powerful #beautiful #inspired 
AveryWorker, Fri Apr 24 03:08:45 +0000 2020, -79.861034, 35.170499, @aacothley Shut up and drink your Rico tequilla and let me bitch about my jackets üò≠üò≠üòÇ 
Coyote_Careers, Fri Apr 24 03:08:46 +0000 2020, -87.629798, 41.878114, We're hiring! Click to apply: 2020 Summer Internship - BI Technical Analyst - https://t.co/txUUVtcgrd #jointhepack #internship 
ajice0501, Fri Apr 24 03:08:46 +0000 2020, -97.455741, 35.695222, ‚ÄúLincoln Murray‚Äù ü§£ü§£ü§£ @LincolnRiley  #Sooners @KennethMurray  Congratulatuons!!! #NFLDraft 
Miss_Bellatrix, Fri Apr 24 03:08:46 +0000 2020, -81.710025, 43.737736, #nailedit #CivilWar 
judithas07, Fri Apr 24 03:08:46 +0000 2020, -97.445173, 35.222301, @JudyBoston8 @SamHeughan @MyPeakChallenge Happy Birthday! 
chiefmchenry, Fri Apr 24 03:08:46 +0000 2020, -73.948775, 40.655138, Mood https://t.co/bvEtynR5Sq 
Gabrieldlagares, Fri Apr 24 03:08:46 +0000 2020, -83.173867, 32.678207, Hoje era pra ser o dia de ver a thelminha ganhando e minha vida voltando ao normal #bbb20 https://t.co/AC85F9BA3K 
caliswaqqqirl, Fri Apr 24 03:08:46 +0000 2020, -77.604684, 41.117936, @jacqui_quii 
ImNotJeffery, Fri Apr 24 03:08:46 +0000 2020, -90.861614, 38.816800, I'm so sick of being an eagles fan. It's like they ain't got a damn clue how to draft.... 
Mechajam, Fri Apr 24 03:08:46 +0000 2020, -116.988022, 32.851180, @VIKINGS draft @AntoineWJr11 with the next pick, @QoSBaszler? #skol 
Nicholaselliott, Fri Apr 24 03:08:46 +0000 2020, -86.142922, 39.779562, Finally shaved again 
Sirocwell94, Fri Apr 24 03:08:46 +0000 2020, -122.296489, 47.442583, SEA finna pick up the cuhzzo AJ ü§£ 
NotRobertShaw, Fri Apr 24 03:08:46 +0000 2020, -69.784064, 44.327080, @msjazzsquare 800üò¨ 
cambriuhhh, Fri Apr 24 03:08:46 +0000 2020, -84.049274, 41.900831, Not me putting on a full face of makeup to FaceTime a boy that definitely drinks la croix 
samiacotney, Fri Apr 24 03:08:46 +0000 2020, -76.593943, 24.074967, @SoleilJolina How about you get pregnant 
bootyzou, Fri Apr 24 03:08:46 +0000 2020, -79.957910, 37.274489, #LOVE THEM STONES NONE BETTERU like that songWait for BOOTYZOU GRAVEDIGGER lol The new Stones song, ‚ÄúLiving‚Ä¶ https://t.co/S0Td4M505S 
SnPSergio, Fri Apr 24 03:08:46 +0000 2020, -95.446486, 29.838495, @SportsCenter https://t.co/cBvWTEqszt 
ahaf21, Fri Apr 24 03:08:46 +0000 2020, -90.696841, 35.828626, Jaiehdhdneosle 
gerardocss, Fri Apr 24 03:08:46 +0000 2020, -121.779628, 36.679868, Ella es Asha para quien no la conoce. https://t.co/qlre8gMNX4 
jojowubs, Fri Apr 24 03:08:47 +0000 2020, -97.754724, 30.323346, I want some AirPods...Working with the old w/ wire ear pods was a mess today 
Marylandfanatic, Fri Apr 24 03:08:47 +0000 2020, -118.411907, 34.020789, That was a blow to the chest. I really wanted Kenneth Murray. SMH. Let's see what E.D. got up his sleeve.GO RAVEN‚Ä¶ https://t.co/ScihbcgENp 
philly__man, Fri Apr 24 03:08:47 +0000 2020, -81.705467, 41.495940, eagles fans talking about Reagor‚Äôs highlights like they didn‚Äôt hype Nelson Agholor the same way 4 years ago 
n54frederic, Fri Apr 24 03:08:47 +0000 2020, -73.022108, 41.566578, my car looks so fire with these new wheels üî•üî• 
TheRealTimLeahy, Fri Apr 24 03:08:47 +0000 2020, -104.922093, 39.713563, @jayyyjong @davianneitz I‚Äôm gonna report you to twitter for being a fraud and not sticking with your commitments 
visionexpensive, Fri Apr 24 03:08:47 +0000 2020, -96.761753, 32.819858, spicebomb by viktor &amp; rolf 
timfitzphoto, Fri Apr 24 03:08:47 +0000 2020, -122.813016, 49.016725, .@BoothRanches very excited in White Rock. It‚Äôs the little things. I‚Äôm a big fan of the orange https://t.co/2kEhS7RpS9 
GoDjJCoreyLamar, Fri Apr 24 03:08:47 +0000 2020, -91.401008, 30.937336, If your hustle is up to bar ima co-sign ya 
IAmStillSteve, Fri Apr 24 03:08:47 +0000 2020, -96.699604, 33.194651, @DrnuggetNFL @drnugget @McH2Oz13 @Mathieu_Era Actually there‚Äôs a difference between having a conversation and havin‚Ä¶ https://t.co/1qe0FYqjEv 
its_bello66, Fri Apr 24 03:08:47 +0000 2020, -117.881969, 34.087543, I need to find a friend with a similar music taste that I have. üòï 
aahndyy, Fri Apr 24 03:08:47 +0000 2020, -123.029015, 44.935084, @devilsrascal @Belifull i didnt need a reason to use it until today üòÅ 
dianey_santini, Fri Apr 24 03:08:47 +0000 2020, -108.523267, 25.501626, No fu√© buena idea comerme 3 hotcakes ü•¥ 
sshahidi12, Fri Apr 24 03:08:47 +0000 2020, -75.800141, 45.248791, Draft night is going well https://t.co/MhFdTclC1J 
ktlehto33, Fri Apr 24 03:08:47 +0000 2020, -84.416916, 42.759558, Okay sorry for my outburst. I just couldn‚Äôt stop laughing watching all these and am boredü§∑üèª‚Äç‚ôÄÔ∏èüòÇ 
ConnorMcCarty23, Fri Apr 24 03:08:47 +0000 2020, -119.025163, 35.346902, @kendracinnamon oh no Barry got you 
MyKeyy_, Fri Apr 24 03:08:47 +0000 2020, -117.217920, 33.921924, @_brianestrella Lmaoooo 
test5geo1798, Fri Apr 24 03:08:47 +0000 2020, -118.411907, 34.020789, TEST_GEO_Hierarchy: 717a0022-7bc2-46c9-bf97-9ac5f37077e6 
test5geo1798, Fri Apr 24 03:08:47 +0000 2020, -119.306608, 37.269176, TEST_GEO_Hierarchy: d667953a-1dcc-4935-a10e-db0b8ad30fd9 
JCInDaCut, Fri Apr 24 03:08:47 +0000 2020, -83.173867, 32.678207, To be fair LSU made everybody look bad last year 
jbarbarito, Fri Apr 24 03:08:47 +0000 2020, -97.221364, 32.939598, @ATMBigDawgEv Austin gone. Smith likely not gonna make team. 
jbertrand, Fri Apr 24 03:08:47 +0000 2020, -122.923516, 47.064528, I used to be a french press guy, now I'm a Mr Coffee. #thingsquarantineteachesyou 
difflord_, Fri Apr 24 03:08:47 +0000 2020, -112.424976, 33.412872, Link in bio https://t.co/BqjclXMk8H 
sexxxxyP, Fri Apr 24 03:08:48 +0000 2020, -118.411907, 34.020789, I want a billboard ! ‚ú®üí´ 
CoachellaDrive_, Fri Apr 24 03:08:48 +0000 2020, -80.886950, 35.081520, Packers should be banned from drafting g at this point 
Dingstah, Fri Apr 24 03:08:48 +0000 2020, -85.768241, 37.822244, If I see ANYONE with a fresh fade. I‚Äôm calling the feds. Fuck outta here. 
_Preddy_Gal, Fri Apr 24 03:08:48 +0000 2020, -90.158017, 32.230987, Man I need some knotless box braids waist length before the weekend ova bra y‚Äôall scared to do hair now üò°üò© 
kypaintster, Fri Apr 24 03:08:48 +0000 2020, -85.457560, 38.313243, @cvpayne Shocked, just shocked! 
JoffBolivar, Fri Apr 24 03:08:48 +0000 2020, -96.761753, 32.819858, @TavoCj Para los maracuchos y gochos es empanada, as√≠ la llaman! Para otros es pastelito porque as√≠ lo llamamos y ya. 
velvet_devil9, Fri Apr 24 03:08:48 +0000 2020, -80.134986, 26.373976, @MysterySolvent Fake News 
csgrigg, Fri Apr 24 03:08:48 +0000 2020, -97.366600, 32.861800, You are soooo loved by God!!! #Godknowsyourname #DoyouknowHim #callonHimandHewillanswerüôè #kcbc2020‚Ä¶ https://t.co/L2XbM6LW5O 
ThatdudeFrank, Fri Apr 24 03:08:48 +0000 2020, -74.946550, 40.016739, Eyes look like galaxies up close üåå 
JF_Laycee, Fri Apr 24 03:08:48 +0000 2020, -71.088712, 42.313670, Wow no shocker there. Pats trade out of 1st round. ...And then select @bigjimmurray ‚Äòs guy out of Oklahoma! üòÇüòÇ 
MichaelMortime7, Fri Apr 24 03:08:48 +0000 2020, -80.100691, 40.477290, @EBraeden @KaniShain @YR1978 @MelodyThomasSco And you‚Äôd think the writers would have enough sense to bring Leslie o‚Ä¶ https://t.co/2NiM6QEjpe 
King23Mike, Fri Apr 24 03:08:48 +0000 2020, -86.791549, 36.200008, Bruh this ho so funnyü§£ü§£ü§£ 
playwpaint, Fri Apr 24 03:08:48 +0000 2020, -121.873730, 37.331159, Don‚Äôt lie 
Melly_Mell23, Fri Apr 24 03:08:48 +0000 2020, -75.117998, 40.004866, I always want the truth but it‚Äôs dangerous. 
TonyOneNaCl, Fri Apr 24 03:08:48 +0000 2020, -111.931711, 34.168253, Beyonc√© we noticed 
ggpaaaatssx3, Fri Apr 24 03:08:48 +0000 2020, -71.030541, 42.538193, @AvaaaPortelle YES I THINK SO TOOüòçüòçüòçüòçüò≠üò≠üò≠üò≠ 
wahoomark, Fri Apr 24 03:08:48 +0000 2020, -79.420865, 38.003376, @akelchan She showing a lot of skin 
BalajiGopalan73, Fri Apr 24 03:08:48 +0000 2020, -79.272570, 43.629311, In recent years I came to learn that our working model at @MedStack was a little unique: everyone is remote, but 2x‚Ä¶ https://t.co/tuPwV9g34y 
estHerr34, Fri Apr 24 03:08:48 +0000 2020, -116.465279, 33.809393, @be_kingz https://t.co/dYXO7oN0BJ 
kristynakay, Fri Apr 24 03:08:48 +0000 2020, -93.040281, 44.883849, @kumailn Yuuuuuup 
SandyinSD, Fri Apr 24 03:08:48 +0000 2020, -117.104989, 32.810012, @Laurenpresists https://t.co/PXqRmNa5mq 
thelexiejayne, Fri Apr 24 03:08:48 +0000 2020, -96.761753, 32.819858, @BronBermudez @ithinkofdevilz https://t.co/TuccFdHCs7 
1888Travoy, Fri Apr 24 03:08:48 +0000 2020, -79.272570, 43.629311, Love Drought https://t.co/gbzQnuCIq8 
George90731, Fri Apr 24 03:08:48 +0000 2020, -118.411907, 34.020789, @shannonfarren Can‚Äôt wait till the season starts!Also I love you guys on KFI! #GoNiners https://t.co/ch8GvzPdlJ 
trelyday23, Fri Apr 24 03:08:48 +0000 2020, -98.319925, 38.498196, Is... Sean Payton‚Äôs son helping him with the draft??? 
devoent1st, Fri Apr 24 03:08:48 +0000 2020, -87.732013, 41.833585, @Tko1979 God Speed on your NEXT assignment. Thank you for always thinking of players from Lincoln Park HS üèÄ 
waterlooblitz, Fri Apr 24 03:08:48 +0000 2020, -118.156711, 33.809172, My ass is actually mid but my big fucking ego makes me think I have the juiciest most exquisite ass 
cfpdx, Fri Apr 24 03:08:48 +0000 2020, -122.630908, 45.536402, We've got fires in NoPo again tonight.  So much for opening windows. 
AbbyoliRavioli, Fri Apr 24 03:08:49 +0000 2020, -118.411907, 34.020789, Finally finishing all the cookies I made.. need to stop.. 
OD_BOP, Fri Apr 24 03:08:49 +0000 2020, -80.304663, 25.857732, They go to Hialeah high forsure https://t.co/dE7C46B0L1 
ralonzo, Fri Apr 24 03:08:49 +0000 2020, -112.124676, 33.552863, I like to imagine Dr. Birx and Dr. Fauci having zoom happy hours where they‚Äôre flabbergasted by their days, and eac‚Ä¶ https://t.co/pUzKpQNwLg 
RevengOfThe4th, Fri Apr 24 03:08:49 +0000 2020, -100.076888, 31.168893, A much different scene than Kliff Kingsbury's palace. 
jwylie_15, Fri Apr 24 03:08:49 +0000 2020, -117.104989, 32.810012, @HeyyBittch I‚Äôll give you 20 if you do 
SydneeSoporia, Fri Apr 24 03:08:49 +0000 2020, -97.445173, 35.222301, @Crymson_Rose @itslanajay you don‚Äôt even need to explain yourself sis.. we all know the deal. 
StewardessChick, Fri Apr 24 03:08:49 +0000 2020, -118.348556, 33.995576, Same https://t.co/x0P7SaWNsQ 
ritchie_atc, Fri Apr 24 03:08:49 +0000 2020, -84.123885, 43.611616, I am loving WoW so much! I lose track of time and it just is so immersive. 
andREINAloca, Fri Apr 24 03:08:49 +0000 2020, -121.973048, 38.525568, This has always been my yelp profile picture. What on earth? Is no DM sacred? https://t.co/2FfLUYPzW3 
callmedjaay_, Fri Apr 24 03:08:49 +0000 2020, -76.255686, 36.895082, @Tmra5_ Ok I‚Äôll be quite cousin 
ibengriffith, Fri Apr 24 03:08:49 +0000 2020, -83.373349, 42.397315, Felt inspired tonight! Open for discussion too üòú‚úåüèº https://t.co/2tlbIttS2C 
_Tvron_, Fri Apr 24 03:08:49 +0000 2020, -75.117998, 40.004866, https://t.co/4bXQRy2auQ 
OmareMorello, Fri Apr 24 03:08:49 +0000 2020, -77.604684, 41.117936, Dancing w. Cats Feat. Beyonc√© ü§ó 
ZingoFrank, Fri Apr 24 03:08:49 +0000 2020, -77.454733, 43.232025, YA STILL BE OK ILL BE OK SOME KINDA WAY AND DAM YOU BELIEVE IN ALL THOSE STORYS AND I DO NOT LIVE AMONGST YOU F..CK‚Ä¶ https://t.co/0Av52v8s4b 
mikeygangemi, Fri Apr 24 03:08:49 +0000 2020, -117.968568, 34.154365, Chargers have the best Defense in the league 
EJ1una, Fri Apr 24 03:08:49 +0000 2020, -88.223062, 41.623959, Sean Payton shoe game STRONG. üëÄ @SeanPayton 
jturoff1, Fri Apr 24 03:08:49 +0000 2020, -88.049247, 42.115128, @Jason1Goff Sean Payton...What Are Those?? 
SeahawksForever, Fri Apr 24 03:08:49 +0000 2020, -122.194398, 47.481598, @zipkidcw He can play slot. Would br a stud there 
Bo_Leitner, Fri Apr 24 03:08:49 +0000 2020, -76.507809, 37.090301, @kent_swanson when are you guys going live? 
_cheekyemilio, Fri Apr 24 03:08:49 +0000 2020, -73.948775, 40.655138, "did you see my post???"me knowing damn well you was muted https://t.co/OqgJRtzZHF 
bcam_14, Fri Apr 24 03:08:49 +0000 2020, -79.418222, 36.607196, @SaintsCSC Super necessary, though. 
LL_Ghoul_J, Fri Apr 24 03:08:49 +0000 2020, -98.540651, 29.417501, Dirty Drugs Ft @ladygaga + @kimpetras 
Elah_Avahati, Fri Apr 24 03:08:49 +0000 2020, -73.968542, 40.780709, Lol. If the failed actress turned cheap substitute for Megyn Kelly can write a book while having one of the most li‚Ä¶ https://t.co/hiU2VFOdLK 
David_collado_, Fri Apr 24 03:08:49 +0000 2020, -73.862797, 41.066766, Dm me for your entries!! winners get a cart and a pen, shipping is free too 
coachWhoa, Fri Apr 24 03:08:49 +0000 2020, -115.061127, 36.184754, @ThinkThatImK0be He was opposite jeff so he was thrown at alot! Played with a cast and still had a few picks. Hes legit bro! 
ayyeitsjayjay, Fri Apr 24 03:08:50 +0000 2020, -158.069430, 21.344561, Thanks to quarantine my skin is getting lighter. Yes! 
OliviaIErazo, Fri Apr 24 03:08:50 +0000 2020, -118.411907, 34.020789, I just made some bomb banana bread 
Reggiebub, Fri Apr 24 03:08:50 +0000 2020, -71.213683, 42.325392, #MoscowMitchWelfareQueen üë∏üèº 
_bxs04, Fri Apr 24 03:08:50 +0000 2020, -96.835249, 33.150140, My gf is taking a nap, I miss her ü•∫ 
BloodstaindGem, Fri Apr 24 03:08:50 +0000 2020, -94.326622, 37.169692, @patriots_song @officialmcafee That must mean my brain functions and processes better than yours. Like I said. I wa‚Ä¶ https://t.co/EJPRFmNsqq 
_92Infinity, Fri Apr 24 03:08:50 +0000 2020, -73.948775, 40.655138, @MyNameisReV @LSUfootball @Lj_era8 I think he‚Äôll do well but im cautious. He has one suberb year on his resume but‚Ä¶ https://t.co/Yoz8Yl4ZHG 
TarynSchmalz, Fri Apr 24 03:08:50 +0000 2020, -77.236969, 38.805115, If I could I would feel nothing, that‚Äôs the truth and I don‚Äôt care‚úåÔ∏è 
KikiBakerBarnes, Fri Apr 24 03:08:50 +0000 2020, -90.011008, 29.982601, @CWatkinsWDSU I can‚Äôt wait ü§ó 
jd_gatlingjr, Fri Apr 24 03:08:50 +0000 2020, -77.236969, 38.805115, @richelle_parham @j_sparklej There's holes in the story for sure. I think he killed them boys but not them men. Unl‚Ä¶ https://t.co/Oc6T8xyDg3 
grumpy_turtle08, Fri Apr 24 03:08:50 +0000 2020, -117.234439, 47.662577, @niscalderon Omg you‚Äôre so sweet!! Love ya!! üíì 
alextheshark, Fri Apr 24 03:08:50 +0000 2020, -97.911022, 26.149248, wallflower 
heloohz, Fri Apr 24 03:08:50 +0000 2020, -118.351218, 33.833714, Esse thread √© perfeito, nada √© fake ou reformulado. Essa √© a realidade da rafa querendo se fazer de branca salvador‚Ä¶ https://t.co/aRETKFfKNP 
_hola_mia, Fri Apr 24 03:08:50 +0000 2020, -84.563414, 33.811316, https://t.co/fP4zZRe7Xz 
dugfresh247, Fri Apr 24 03:08:50 +0000 2020, -73.831187, 40.670879, @_CeeDeeThree Congratulations ! And welcome to CowboyNation 
echant1, Fri Apr 24 03:08:50 +0000 2020, -117.782360, 33.689732, Surprise surprise @Eagles draft another WR under 6 ft.... SMH.... #NFLDraft 
JoeGalliNews, Fri Apr 24 03:08:50 +0000 2020, -98.540651, 29.417501, üòÜ 
JessamynMcIntyr, Fri Apr 24 03:08:50 +0000 2020, -122.357773, 47.818623, We‚Äôre just a few picks away from the #Seahawks at 27!!!! 
jorge_castrof, Fri Apr 24 03:08:50 +0000 2020, -103.233130, 25.244223, Uuy!Una infancia feliz... Tambi√©n ten√≠a alberca.Destaco que s√≥lo los valientes se met√≠an. 
abooker678, Fri Apr 24 03:08:50 +0000 2020, -83.804475, 27.698682, Crazy thing is... Shorty could‚Äôve just been trying to check the time on his phoneüòÇüòÇüòÇ 
CoreyDonald, Fri Apr 24 03:08:50 +0000 2020, -73.723025, 45.557830, @TheSportsGrind @YuRboyBC @packers *Arnette sry 
jaketwentyfive, Fri Apr 24 03:08:50 +0000 2020, -96.991828, 33.042437, We win round 1 
christinerandyy, Fri Apr 24 03:08:51 +0000 2020, -77.264340, 39.170112, I kept hearing that ‚Äúdun na na nahh dun na na nahh‚Äù  I knew something in the sports world was going on üòÇ 
Han, Fri Apr 24 03:08:51 +0000 2020, -118.411907, 34.020789, @irvinebroque @theTRASHapp Aw, thanks so much for the kind words! That gives us so much energy! üòá I‚Äôd love to tal‚Ä¶ https://t.co/PSAYhY0X6u 
1JadedAsh, Fri Apr 24 03:08:51 +0000 2020, -83.804475, 27.698682, @MsJoNew I don‚Äôt think I‚Äôll make it. Lol 
BreezyCWeezy, Fri Apr 24 03:08:51 +0000 2020, -100.301711, 47.467857, @Glenny_balls @JoshMack22 
LitGod_, Fri Apr 24 03:08:51 +0000 2020, -73.968542, 40.780709, @THEKIDMERO Whaaaaaa 
gonz5307, Fri Apr 24 03:08:51 +0000 2020, -95.192680, 29.972668, @nino_23 He went to Elkins. We played against him when I was at Marshall 
lilqiqi, Fri Apr 24 03:08:51 +0000 2020, -90.011008, 29.982601, Dear @NFLDraft please stop calling these athletes studs. Stud: an establishment where horses or other domesticated‚Ä¶ https://t.co/zTzwcfmzug 
HunchoBison, Fri Apr 24 03:08:51 +0000 2020, -106.026119, 34.166235, Sean Payton kicks are straight heeeat !!!!! üî•üî•üî•üî•üî•üî• 
MaciRod12, Fri Apr 24 03:08:51 +0000 2020, -120.062539, 36.726787, My man is such a hard workerüòì‚ù§Ô∏è 
PO66132234, Fri Apr 24 03:08:51 +0000 2020, -73.831187, 40.670879, Democrat Staffer: Round Up Trump Supporters in a Warehouse and Let Them Die From Coronavirus https://t.co/kjCQuliXZ3 
rockyhigh3, Fri Apr 24 03:08:51 +0000 2020, -98.716992, 35.309047, We know they screw.  Show us him screwing the clouds.  The was paid a lot from Trump International to entertain. 
CheetahObscura, Fri Apr 24 03:08:51 +0000 2020, -122.330602, 47.614817, @AshCoyote I just can't anymore..... 
MarrrryBerry44, Fri Apr 24 03:08:51 +0000 2020, -75.770041, 42.746617, @Joe_Gatto Ozzy!!!!!!!!!! https://t.co/faxxgjyKeC 
_AbLashae, Fri Apr 24 03:08:51 +0000 2020, -84.541562, 33.588263, Any who, my nigga know better so this ain‚Äôt even for discussion üòù 
Neg_Lagonav, Fri Apr 24 03:08:51 +0000 2020, -76.362276, 37.050897, @jbon211 Why did you say it in the first place. You were trynna be slick 
transpo01, Fri Apr 24 03:08:51 +0000 2020, -75.770041, 42.746617, @secupp Your Loss! 
LilBootyNeks_, Fri Apr 24 03:08:51 +0000 2020, -78.673793, 26.540024, Quartine Tingzüëâüèºü•∫üëàüèΩ https://t.co/0GfuGF4hQg 
ospunx, Fri Apr 24 03:08:51 +0000 2020, -106.417430, 31.793368, Okay, my civic duty has been done. If anyone does inject or otherwise ingest bleach, lysol, or any other cleaning a‚Ä¶ https://t.co/gczBli4tuO 
1LilDuff, Fri Apr 24 03:08:51 +0000 2020, -77.236969, 38.805115, @DarkskinSt did you ra..... 
WeatherDiva99, Fri Apr 24 03:08:51 +0000 2020, -97.552161, 35.482844, https://t.co/i8WMxETY99 
colezhuda18, Fri Apr 24 03:08:51 +0000 2020, -93.361321, 46.441861, @bdoketu virtual zoom party? 
MikeMiracles, Fri Apr 24 03:08:51 +0000 2020, -93.827898, 32.525278, The most logical target for a trade partners for the Titans would seem to be the Colts (34) or Panthers (38) tradin‚Ä¶ https://t.co/wFXee2gE3C 
Jackson_Mach1, Fri Apr 24 03:08:51 +0000 2020, -76.704632, 39.154153, 3 hours for 23 picks. Ridiculous. #nfldraft 
AssbuttTrump, Fri Apr 24 03:08:51 +0000 2020, -82.442694, 27.996595, @VDarkblack @Cats4mice @marauderjoe @David_Leavitt "There goes my medical license...." 
msmaliamack, Fri Apr 24 03:08:51 +0000 2020, -83.654079, 32.848817, @CWatkinsWDSU I just wish I knew what was going on üò© 
c_nich3, Fri Apr 24 03:08:51 +0000 2020, -94.378332, 39.088004, Sierra &amp; I played a drinking game to a house show from Netflix now she said that we have to take a shot before bed... 
mence2society, Fri Apr 24 03:08:52 +0000 2020, -95.446486, 29.838495, I ain‚Äôt never gave a damn 
AUGUSTBABY1987, Fri Apr 24 03:08:52 +0000 2020, -74.184848, 40.734494, @Dmoney71286 U wouldn‚Äôt like mine it‚Äôs dairy free 
holycowitsme, Fri Apr 24 03:08:52 +0000 2020, -80.149173, 26.150368, @dbongino Brings tears to my eyes. Families are hurting right now. This is unbelievable 
Chinaaaluv_, Fri Apr 24 03:08:52 +0000 2020, -118.411907, 34.020789, Imma have you sucking on my fingazzz while I hit it 4rm da back , you like it like thaattt 
closmedina, Fri Apr 24 03:08:52 +0000 2020, -119.025163, 35.346902, @JenniferMills21 Wow, couldn‚Äôt have come in at a better time! Thank you so much! Can‚Äôt wait to give it to them. BOL‚Ä¶ https://t.co/4miFs5zuE9 
jinswifeee, Fri Apr 24 03:08:52 +0000 2020, -87.732013, 41.833585, @gukieprint @borahaeiris @BTS_twt Thank youuuu sooo much for this amazing giveaway and thank you for the opportunit‚Ä¶ https://t.co/4DaINoQX4M 
djcarney21, Fri Apr 24 03:08:52 +0000 2020, -75.117998, 40.004866, @sid_dharta Howie has a tremendous history of reaching.  Going to bed though.  When I wake up in the morning, I bet‚Ä¶ https://t.co/eWWcMksigG 
FloydSoRandom, Fri Apr 24 03:08:52 +0000 2020, -77.014398, 38.898603, @tank_head93 I wish Madden understood this üòî 
lc_dizon, Fri Apr 24 03:08:52 +0000 2020, -115.223125, 36.232915, @amaosaa_ Yes by anti-vaxxer far right group protesting common sense ü§¶üèΩ‚Äç‚ôÄÔ∏è 
tornadooooo_, Fri Apr 24 03:08:52 +0000 2020, -83.173867, 32.678207, It‚Äôs either vegan or vegetarian at this point., but ima try something else first 
jennivi1, Fri Apr 24 03:08:52 +0000 2020, -83.173867, 32.678207, Getting late.  Gonna be tough getting up and going downstairs to work tomorrow. 
iBeRossah, Fri Apr 24 03:08:52 +0000 2020, -117.104989, 32.810012, Why didn‚Äôt they fire someone else 
jaythesedays, Fri Apr 24 03:08:52 +0000 2020, -118.411907, 34.020789, @Nuh_Behavia_ The democratically aren‚Äôt angels themselves but I can‚Äôt vote for someone that will publicly mock peop‚Ä¶ https://t.co/JGSx3D1Vc0 
tie_dye_company, Fri Apr 24 03:08:52 +0000 2020, -111.789000, 34.859900, Let‚Äôs make a difference with our differences‚úãü§öüåéüíú alyssa_camper #vitiligo @ Sedona, Arizona https://t.co/esFkWg1WCO 
gabxhernandez, Fri Apr 24 03:08:52 +0000 2020, -80.233328, 25.782353, $97 ü§≠ 
NickkCabrera, Fri Apr 24 03:08:52 +0000 2020, -75.756099, 39.679093, @EliotShorrParks God damn it Elliot 
Swadey_Life, Fri Apr 24 03:08:52 +0000 2020, -100.076888, 31.168893, Bro ü§£ü§£ü§£ü§£ 
DawayaneJ, Fri Apr 24 03:08:52 +0000 2020, -118.411907, 34.020789, 4/23/20 even though my bday was 3 days Ago now, 4/20/20 I‚Äôm still getting bday wishes!‚ù§Ô∏è‚ù§Ô∏è‚ù§Ô∏è‚ù§Ô∏è‚ù§Ô∏èü•∞ü•∞üòåthank you everyo‚Ä¶ https://t.co/YrAJrQ375w 
droachnola, Fri Apr 24 03:08:52 +0000 2020, -106.026119, 34.166235, @RosvoglouReport As we said earlier... üí™üèº‚öúÔ∏è 
UrLocalHippie21, Fri Apr 24 03:08:52 +0000 2020, -119.306608, 37.269176, I just okay goodnight 
V_Broncos, Fri Apr 24 03:08:52 +0000 2020, -104.922093, 39.713563, @jackson_sandell @MileHighParlay @Broncos Ruiz just went to Saints 
samuelrayyancey, Fri Apr 24 03:08:52 +0000 2020, -119.782465, 36.786042, I'm outta beer, so uh I guess mixed drinkssss.....oof 
DustinLucaSN, Fri Apr 24 03:08:52 +0000 2020, -70.858092, 42.566294, Josh Turiel, Ward 5, now seven minutes in. https://t.co/8ddrIw0uxV 
pumpsiegreen, Fri Apr 24 03:08:52 +0000 2020, -70.180579, 42.051097, @Jim_Jordan Maybe inject a little Mr. Clean into an artery Gym. Or swallow an ultra violet light.   Don‚Äôt you have‚Ä¶ https://t.co/iPhuiYE9Ht 
TinPotDickTator, Fri Apr 24 03:08:52 +0000 2020, -117.998733, 33.692542, @AshaRangappa_ I think Trump should pull a Crispin Glover and say that the person that was at the presser today was an imposter, not him 
The__Carnival, Fri Apr 24 03:08:52 +0000 2020, -92.131274, 34.751936, @neednewshorts Mine was 9/11. I was 8. I‚Äôll be 27 in June. 
sistervpaul_, Fri Apr 24 03:08:52 +0000 2020, -111.547029, 39.499762, Good night blessings, my friends. See you tomorrow as we remain joined in prayers. üôèüìøüíûüíí https://t.co/v4qJPLISqd 
alyneetapiaa, Fri Apr 24 03:08:53 +0000 2020, -101.816092, 35.211115, OMG yess üò©üòç 
blackzacefron88, Fri Apr 24 03:08:53 +0000 2020, -80.206717, 26.700978, Been there 
SeanPStevenson, Fri Apr 24 03:08:53 +0000 2020, -81.606484, 45.035968, @AdamCollier @KaitlinOlson On the flip side if his followers start drinking Lysol there's less trump voters and less stupid in the world. 
TommyVerno, Fri Apr 24 03:08:53 +0000 2020, -77.489723, 43.099526, @AdamSchefter Awful to hear. RIP. 
prettygirlmajae, Fri Apr 24 03:08:53 +0000 2020, -96.761753, 32.819858, who are they ? 
flanfriday, Fri Apr 24 03:08:53 +0000 2020, -100.076888, 31.168893, @David_Leavitt "I used to have a reputation. I can make to 200 and still not live this down." 
ja75n, Fri Apr 24 03:08:53 +0000 2020, -89.922029, 35.133521, üòÇüòÇü§£ü§£ü§£ 
2022Brinly, Fri Apr 24 03:08:53 +0000 2020, -97.552161, 35.482844, Power Swing Day!! @OKAthleticsAcad @Blast_Sftball #Blastsoftball #As @CoachMiguel27 @CoachBredbenner‚Ä¶ https://t.co/QweGAQoods 
Jessicaweber87, Fri Apr 24 03:08:53 +0000 2020, -80.738591, 43.558327, @thebryanbreeze Sounds like, he was strugglin w/ his sexuality. Jesus, just simply helped him figure shit out. Now,‚Ä¶ https://t.co/hFprHfhugL 
_kaylaxo__, Fri Apr 24 03:08:53 +0000 2020, -74.153947, 40.572376, Watching the draft picks families always brings me so much joy... like you can see the pride they have. They defini‚Ä¶ https://t.co/j7CM2Kp4QY 
Brandonismusic, Fri Apr 24 03:08:53 +0000 2020, -118.411907, 34.020789, üòÇ this gif is taking me out üòÇ https://t.co/gggf2TZAdW 
lifeofbrax, Fri Apr 24 03:08:53 +0000 2020, -75.600576, 38.360422, Madden 22 cover type of play. 
barelyliterate, Fri Apr 24 03:08:53 +0000 2020, -71.550703, 42.345821, https://t.co/Dzsfeydhl1 
SullenSeason, Fri Apr 24 03:08:53 +0000 2020, -84.433106, 33.767195, It would be a travesty if an LSU DB doesn‚Äôt go first round...like hell on earth...like we‚Äôd never hear the end of it. 
killahubb, Fri Apr 24 03:08:53 +0000 2020, -118.411907, 34.020789, Random photos at 8pmü§ôüèæ https://t.co/IaPesEcWht 
leroybr79673931, Fri Apr 24 03:08:53 +0000 2020, -112.434827, 42.863516, @RepDanCrenshaw ;Amen, need more men like you to lead this great country. 
mustbecodes, Fri Apr 24 03:08:53 +0000 2020, -78.881800, 42.993664, I'm always trying to figure out what Belichick is thinking 
DrFerdilus, Fri Apr 24 03:08:53 +0000 2020, -74.055998, 41.189746, @Godson_90 All the time with positive feedback and words of encouragement. Just not if it‚Äôs rap ü•¥ü•¥ü•¥ü•¥ü•¥ 
WilliamDebiasio, Fri Apr 24 03:08:53 +0000 2020, -117.288297, 34.247048, #geniushour 
RealShaneGang, Fri Apr 24 03:08:54 +0000 2020, -118.411907, 34.020789, Kodie can‚Äôt answer every question or dm about her career &amp; that‚Äôs where we come in. On this page we have linked ppl‚Ä¶ https://t.co/rdrWxHxR2W 
RidgeRoulette_, Fri Apr 24 03:08:54 +0000 2020, -76.069946, 36.802541, Very wild individual ü§£ 
michael_hall341, Fri Apr 24 03:08:54 +0000 2020, -72.757385, 41.500753, @Giants @jonasbrothers I feel like Kevin can afford a bigger tv 
Packergirl915, Fri Apr 24 03:08:54 +0000 2020, -106.417430, 31.793368, @SoreLosersLocks @MoinTampa @yayatello1 @awhite_14 @drewwho1109 @SoreLosers_Paul @sipper_95 @SoreLosersShow‚Ä¶ https://t.co/sQHZ7goedm 
abrown197, Fri Apr 24 03:08:54 +0000 2020, -90.158017, 32.230987, I see Sean Payton Flexing the kicksüëÄüî• 
MarkCurrier2, Fri Apr 24 03:08:54 +0000 2020, -82.532321, 28.103375, Good picks Bucs. https://t.co/P7fhMbXLju 
BodyMri, Fri Apr 24 03:08:54 +0000 2020, -75.117998, 40.004866, @RightInTheMain @ScottPresler @realDonaldTrump @stevestivers ü§Æ 
robsrime, Fri Apr 24 03:08:54 +0000 2020, -110.892878, 32.302931, @cub_hole Me Tooooo 
andreagoesmeow, Fri Apr 24 03:08:54 +0000 2020, -82.985772, 39.994684, Sniff Sniffly 
tonysolitro, Fri Apr 24 03:08:54 +0000 2020, -75.117998, 40.004866, @ZerbinettasBlog I‚Äôm a big fan of Pepito by Nicolas Lell Benavides &amp; Marella Martin Koch (20 minutes ... perhaps to‚Ä¶ https://t.co/wltsBlkMgt 
MariusSose, Fri Apr 24 03:08:54 +0000 2020, -117.240314, 32.797828, I‚Äôm eating y‚Äôall don‚Äôt play with my RBs!!!   Who will be the first RB taken? @ Pacific Beach, San Diego https://t.co/T4E2PV4O5g 
MJWarshauer, Fri Apr 24 03:08:54 +0000 2020, -87.732013, 41.833585, 16. The Host (2006)Bong Joon-Ho does pandemic as a monster movie. A lot feels prescient in 2020 in ways intended a‚Ä¶ https://t.co/7JgslLhbkT 
Maverick1914, Fri Apr 24 03:08:54 +0000 2020, -96.982788, 32.958255, @Ravens sooooooooo what are we doing? 
2022Brinly, Fri Apr 24 03:08:54 +0000 2020, -97.552161, 35.482844, Pt. 2!! https://t.co/Z1GLG2IqnI 
vivalakristia, Fri Apr 24 03:08:54 +0000 2020, -97.011168, 32.655678, Let me go celebrate with everybody else ‚òπÔ∏è 
Roblopley, Fri Apr 24 03:08:54 +0000 2020, -109.436510, 26.606662, @DeniseDresserG Pide trabajo en el gobierno, necesitan una experta tod√≥loga como t√∫... 
SovereignHeis, Fri Apr 24 03:08:54 +0000 2020, -80.307064, 25.976124, Sonn my r days I wonder , what really he on people‚Äôs mind !! 
ashleyn_xox, Fri Apr 24 03:08:54 +0000 2020, -74.066663, 40.718001, @xRasta__ I mean, it‚Äôs only rightüòé 
jmarks2015, Fri Apr 24 03:08:55 +0000 2020, -115.038337, 36.006256, You are great @coacharroyo and can‚Äôt wait for the season!! 
hsdecatur2349, Fri Apr 24 03:08:54 +0000 2020, -87.017952, 34.568331, We are open and ready to help you to get back to do what you Love. #HsDecatur #HealthSourceOfDecatur‚Ä¶ https://t.co/IPOWwKCQEd 
JakeGaregnani, Fri Apr 24 03:08:55 +0000 2020, -117.104989, 32.810012, You hate to see it... 
aml_alanzi1, Fri Apr 24 03:08:55 +0000 2020, -117.104989, 32.810012, @Aaaa_____8 ÿßŸÑŸÑŸáŸÖ ÿßŸÖŸäŸÜ ÿ±ÿ®Ÿä Ÿäÿ≥ÿπÿØ ŸÇŸÑÿ®ŸÉ Ÿä ÿ±Ÿàÿ≠Ÿä ‚ô•Ô∏èü•∫ 
oso1mex, Fri Apr 24 03:08:55 +0000 2020, -118.411907, 34.020789, #TrumpIsToBlame 
Ocho_Briggs8, Fri Apr 24 03:08:55 +0000 2020, -78.855078, 35.723200, INSANEEE 
steven_timoteo, Fri Apr 24 03:08:55 +0000 2020, -74.267242, 40.696176, Why they start playing fado music in money heist?? Lol Not gonna lie I got real excited 
austinblomquis2, Fri Apr 24 03:08:55 +0000 2020, -114.584753, 32.668218, Cardinals got the steal of the draftü§∑üèº‚Äç‚ôÇÔ∏è 
EvansEric10, Fri Apr 24 03:08:55 +0000 2020, -82.758371, 28.216251, @Blakeamrhein Whiffs https://t.co/AdEmjGKEb0 
sundaysundya, Fri Apr 24 03:08:55 +0000 2020, -79.980689, 40.431389, @ajmc9591A At least online? It's wild 
GualaSzatkowski, Fri Apr 24 03:08:55 +0000 2020, -119.228992, 34.289689, YESSSIR MIGHT BECOME A COWBOYS FAN AGAIN JUST FOR THIS 
Heezus35, Fri Apr 24 03:08:55 +0000 2020, -96.835249, 33.150140, @Dyl_Savage You https://t.co/zhmwTUGTSY 
iAmDArtis, Fri Apr 24 03:08:55 +0000 2020, -84.263061, 33.801361, @LDarian You won‚Äôt regret it! I‚Äôve enjoyed every moment so far. 
hollymariego, Fri Apr 24 03:08:55 +0000 2020, -98.540651, 29.417501, @krisgothacker Yes I was really going again 
KeOndreHeckard, Fri Apr 24 03:08:55 +0000 2020, -96.863795, 32.604153, @Tremcgee99 D.C native Dwayne Haskins 
ThisKidAlex, Fri Apr 24 03:08:55 +0000 2020, -75.117998, 40.004866, @__WassupJay Eagles never draft well 
bethgsanders, Fri Apr 24 03:08:55 +0000 2020, -90.696841, 35.828626, @LizJostes @BravoTopChef here. 
Z71JAYHAWKS, Fri Apr 24 03:08:55 +0000 2020, -97.343915, 37.683897, The shoes Sean Payton üëç 
bamaboybornbred, Fri Apr 24 03:08:55 +0000 2020, -87.592685, 33.270700, @TideorDieChick What about Diggs? 
YousefSuede, Fri Apr 24 03:08:55 +0000 2020, -82.534462, 27.409002, @TracyWalkerIII üî• 
christie98, Fri Apr 24 03:08:55 +0000 2020, -85.768241, 37.822244, @prince_scarf Staff that was dismissed (with little notice and not found other jobs with the RF) when Megs moved on‚Ä¶ https://t.co/6o4Ar38VEX 
yari_alexandra3, Fri Apr 24 03:08:55 +0000 2020, -75.925021, 40.334119, @maddeline___xxx üò≠üò≠ these men looking scary 
_TopFlightBoog, Fri Apr 24 03:08:56 +0000 2020, -100.076888, 31.168893, @Vizzy_Baby  a center üòÇüòÇüòÇ 
jayoplantern, Fri Apr 24 03:08:56 +0000 2020, -73.948775, 40.655138, @Tonyshealthtips @grantcohn This wide out class is the deepest  it has been in years. They have other needs like sa‚Ä¶ https://t.co/b3D2dm4THc 
Sevej23Seve, Fri Apr 24 03:08:55 +0000 2020, -75.367830, 40.028360, @RaiderCody @CCRaiderNation @raidersoffical @MikeMayock     Guys. Some mocks had our guy at 66. How could he go 47‚Ä¶ https://t.co/eIHoIkMl0q 
AmbitiousK__, Fri Apr 24 03:08:56 +0000 2020, -86.791549, 36.200008, Being high &gt; being drunk 
krazziK09, Fri Apr 24 03:08:56 +0000 2020, -87.967292, 43.056722, @LogicByP Like why would he do that in front of them ppl lmao 
KellyLoft, Fri Apr 24 03:08:56 +0000 2020, -95.791979, 44.452403, @BigFischCommish @natetykwinski Nate! He didn‚Äôt go to St Cloud. Minnesota State! 
iamjohaaan, Fri Apr 24 03:08:56 +0000 2020, -71.955533, 45.412629, @brokeboi691 J‚Äô√©tais √©nerv√© j‚Äôarrivais pas √† rentrer fck sa 
emilylutes, Fri Apr 24 03:08:56 +0000 2020, -121.979527, 37.523645, @997now when‚Äôs the next giveawayyyyy üò≠ 
MattShumbris, Fri Apr 24 03:08:56 +0000 2020, -75.887711, 41.265433, https://t.co/Hm5uMmwdgM 
afallon1991, Fri Apr 24 03:08:56 +0000 2020, -87.627094, 40.154725, Ahem, STL Cardinal fans, but your stadium is the toliet! 
EastEnExplosion, Fri Apr 24 03:08:56 +0000 2020, -79.420865, 38.003376, https://t.co/RvztWP8SX3 
KBZO_, Fri Apr 24 03:08:56 +0000 2020, -97.116784, 32.573549, We need defense first!! 
iLLtwin84, Fri Apr 24 03:08:56 +0000 2020, -93.917657, 29.944512, @YvetteHealy @BadgerSoftball @umichsoftball @UMCoachHutch @CoachDeOliveira @PurdueSoftball @IndianaSB @OhioStateSB‚Ä¶ https://t.co/fOLgpb00mp 
MizSwEEtNiz, Fri Apr 24 03:08:56 +0000 2020, -80.347603, 25.876218, @K_Sweets16 Didn‚Äôt she die years ago? 
lalaLOVE_redd, Fri Apr 24 03:08:56 +0000 2020, -86.680738, 32.576227, @mikeeastwood718 Thank you!! 
twdecastro, Fri Apr 24 03:08:56 +0000 2020, -118.411907, 34.020789, AND THAT is why #GotGVol2 is my favorite MCU film üò≠#QuarantineWatchParty #GotGVol2 https://t.co/GGWIplBapL 
_CrystalMichele, Fri Apr 24 03:08:56 +0000 2020, -94.967991, 29.380046, Lmfaooo wtf ü§£ü§î 
CuseWaterBoy, Fri Apr 24 03:08:56 +0000 2020, -76.243420, 43.049721, @am22_22 I'm more concerned with the DILF porn she's probably checking out. My father is a charismatic Italian man 
myasoobomb, Fri Apr 24 03:08:57 +0000 2020, -118.411907, 34.020789, @thefamousbree dass on my momma 
KissMyL__, Fri Apr 24 03:08:57 +0000 2020, -87.322169, 36.550984, Been wilding sis 
weatherbryan, Fri Apr 24 03:08:56 +0000 2020, -82.672903, 27.795720, ‚û°Ô∏è LIGHTNING: These storms will be very electric with frequent lightning. https://t.co/oJKKz1JpYN 
